[{"id":"user-image-ToscaBlackModernCubetechFashionBrandArtDesignLogo11.png","publicUrl":"np://user.desktop.nicepage.com/Site_45022184/images/ToscaBlackModernCubetechFashionBrandArtDesignLogo11.png","size":82561,"fileName":"ToscaBlackModernCubetechFashionBrandArtDesignLogo11.png","name":"ToscaBlackModernCubetechFashionBrandArtDesignLogo11","width":1238,"height":798,"thumbnail":{"url":"np://user.desktop.nicepage.com/Site_45022184/images/thumbnails/ToscaBlackModernCubetechFashionBrandArtDesignLogo11.png","width":250,"height":161},"usages":[]},{"id":"user-image--min.png","publicUrl":"np://user.desktop.nicepage.com/Site_45022184/images/-min.png","size":112900,"fileName":"-min.png","name":"-min","width":900,"height":850,"thumbnail":{"url":"np://user.desktop.nicepage.com/Site_45022184/images/thumbnails/-min.png","width":250,"height":236},"originalUrl":"//images01.nicepagecdn.com/c461c07a441a5d220e8feb1a/58b2cd29213658a9b229c01a/-min.png","usages":["244614302"]},{"id":"user-image-2664673.png","publicUrl":"np://user.desktop.nicepage.com/Site_45022184/images/2664673.png","size":4284,"fileName":"2664673.png","name":"2664673","width":128,"height":128,"thumbnail":{"url":"np://user.desktop.nicepage.com/Site_45022184/images/thumbnails/2664673.png","width":128,"height":128,"length":4284},"usages":["244614302"]},{"id":"user-image-2721688.png","publicUrl":"np://user.desktop.nicepage.com/Site_45022184/images/2721688.png","size":3523,"fileName":"2721688.png","name":"2721688","width":128,"height":128,"thumbnail":{"url":"np://user.desktop.nicepage.com/Site_45022184/images/thumbnails/2721688.png","width":128,"height":128,"length":3523},"usages":["244614302"]},{"id":"user-image-32d2b54034cf4fdc3c56e89852233345738f070104f66acbb29cd577edb9e104ea0f7f97e475771142e6d000864ab467d91a21bb2a8bf9c51000ef_1280.png","publicUrl":"np://user.desktop.nicepage.com/Site_45022184/images/32d2b54034cf4fdc3c56e89852233345738f070104f66acbb29cd577edb9e104ea0f7f97e475771142e6d000864ab467d91a21bb2a8bf9c51000ef_1280.png","size":1351694,"fileName":"32d2b54034cf4fdc3c56e89852233345738f070104f66acbb29cd577edb9e104ea0f7f97e475771142e6d000864ab467d91a21bb2a8bf9c51000ef_1280.png","name":"32d2b54034cf4fdc3c56e89852233345738f070104f66acbb29cd577edb9e104ea0f7f97e475771142e6d000864ab467d91a21bb2a8bf9c51000ef_1280","width":1280,"height":960,"thumbnail":{"url":"np://user.desktop.nicepage.com/Site_45022184/images/thumbnails/32d2b54034cf4fdc3c56e89852233345738f070104f66acbb29cd577edb9e104ea0f7f97e475771142e6d000864ab467d91a21bb2a8bf9c51000ef_1280.png","width":250,"height":188},"usages":["244614302"]},{"id":"user-image-4527147c07989a05797ba06203a19a07999d37bf669e876630bbce8ffca7b9aaf41a32ae9671ffb9ee4440a2acf48ace6d7f72155d4b3b14ed8c1e_1280.jpg","publicUrl":"np://user.desktop.nicepage.com/Site_45022184/images/4527147c07989a05797ba06203a19a07999d37bf669e876630bbce8ffca7b9aaf41a32ae9671ffb9ee4440a2acf48ace6d7f72155d4b3b14ed8c1e_1280.jpg","size":94455,"fileName":"4527147c07989a05797ba06203a19a07999d37bf669e876630bbce8ffca7b9aaf41a32ae9671ffb9ee4440a2acf48ace6d7f72155d4b3b14ed8c1e_1280.jpg","name":"4527147c07989a05797ba06203a19a07999d37bf669e876630bbce8ffca7b9aaf41a32ae9671ffb9ee4440a2acf48ace6d7f72155d4b3b14ed8c1e_1280","width":1280,"height":1280,"thumbnail":{"url":"np://user.desktop.nicepage.com/Site_45022184/images/thumbnails/4527147c07989a05797ba06203a19a07999d37bf669e876630bbce8ffca7b9aaf41a32ae9671ffb9ee4440a2acf48ace6d7f72155d4b3b14ed8c1e_1280.jpg","width":250,"height":250},"usages":["244614302"]},{"id":"user-image-568717.png","publicUrl":"np://user.desktop.nicepage.com/Site_45022184/images/568717.png","size":3128,"fileName":"568717.png","name":"568717","width":128,"height":128,"thumbnail":{"url":"np://user.desktop.nicepage.com/Site_45022184/images/thumbnails/568717.png","width":128,"height":128,"length":3128},"originalUrl":"//images01.nicepagecdn.com/c461c07a441a5d220e8feb1a/01af685291335cfeab5ae331/568717.png","usages":["244614302"]},{"id":"user-image-8175accb7afb653913036916cedd401f2fb7f3341911d1db7bedb8ff4ed68dfe32c0e3eb973e4500b2c9e3b17e3434fc84ed8336e0cda4c8968654_1280.png","publicUrl":"np://user.desktop.nicepage.com/Site_45022184/images/8175accb7afb653913036916cedd401f2fb7f3341911d1db7bedb8ff4ed68dfe32c0e3eb973e4500b2c9e3b17e3434fc84ed8336e0cda4c8968654_1280.png","size":131652,"fileName":"8175accb7afb653913036916cedd401f2fb7f3341911d1db7bedb8ff4ed68dfe32c0e3eb973e4500b2c9e3b17e3434fc84ed8336e0cda4c8968654_1280.png","name":"8175accb7afb653913036916cedd401f2fb7f3341911d1db7bedb8ff4ed68dfe32c0e3eb973e4500b2c9e3b17e3434fc84ed8336e0cda4c8968654_1280","width":1280,"height":853,"thumbnail":{"url":"np://user.desktop.nicepage.com/Site_45022184/images/thumbnails/8175accb7afb653913036916cedd401f2fb7f3341911d1db7bedb8ff4ed68dfe32c0e3eb973e4500b2c9e3b17e3434fc84ed8336e0cda4c8968654_1280.png","width":250,"height":167},"usages":["244614302"]},{"id":"user-image-HWH.png","publicUrl":"np://user.desktop.nicepage.com/Site_45022184/images/HWH.png","size":1185343,"fileName":"HWH.png","name":"HWH","width":1920,"height":997,"thumbnail":{"url":"np://user.desktop.nicepage.com/Site_45022184/images/thumbnails/HWH.png","width":250,"height":130},"usages":["244614302"]},{"id":"user-image-10741347.png","publicUrl":"np://user.desktop.nicepage.com/Site_45022184/images/10741347.png","size":2093,"fileName":"10741347.png","name":"10741347","width":128,"height":128,"thumbnail":{"url":"np://user.desktop.nicepage.com/Site_45022184/images/thumbnails/10741347.png","width":128,"height":128,"length":2093},"usages":["244614302"]},{"id":"user-image-aa49e5bbcb321c65e1d4ba4d4afa599b.png","publicUrl":"np://user.desktop.nicepage.com/Site_45022184/images/aa49e5bbcb321c65e1d4ba4d4afa599b.png","size":21223,"fileName":"aa49e5bbcb321c65e1d4ba4d4afa599b.png","name":"aa49e5bbcb321c65e1d4ba4d4afa599b","width":817,"height":799,"thumbnail":{"url":"np://user.desktop.nicepage.com/Site_45022184/images/thumbnails/aa49e5bbcb321c65e1d4ba4d4afa599b.png","width":250,"height":244},"originalUrl":"//images01.nicepagecdn.com/aa/49/aa49e5bbcb321c65e1d4ba4d4afa599b.png","usages":["244614302"]},{"id":"user-image-b98ff3d93fea593de754249fb16fe0bffdb0ee274f9cdea1e84bdec321078680694e7ca3233767dfd106b141a9a3b048fbfd0526a3194638c2abb8_1280.jpg","publicUrl":"np://user.desktop.nicepage.com/Site_45022184/images/b98ff3d93fea593de754249fb16fe0bffdb0ee274f9cdea1e84bdec321078680694e7ca3233767dfd106b141a9a3b048fbfd0526a3194638c2abb8_1280.jpg","size":243016,"fileName":"b98ff3d93fea593de754249fb16fe0bffdb0ee274f9cdea1e84bdec321078680694e7ca3233767dfd106b141a9a3b048fbfd0526a3194638c2abb8_1280.jpg","name":"b98ff3d93fea593de754249fb16fe0bffdb0ee274f9cdea1e84bdec321078680694e7ca3233767dfd106b141a9a3b048fbfd0526a3194638c2abb8_1280","width":1280,"height":853,"thumbnail":{"url":"np://user.desktop.nicepage.com/Site_45022184/images/thumbnails/b98ff3d93fea593de754249fb16fe0bffdb0ee274f9cdea1e84bdec321078680694e7ca3233767dfd106b141a9a3b048fbfd0526a3194638c2abb8_1280.jpg","width":250,"height":167},"usages":["244614302"]},{"id":"user-image-bd_optimise.jpg","publicUrl":"np://user.desktop.nicepage.com/Site_45022184/images/bd_optimise.jpg","size":215909,"fileName":"bd_optimise.jpg","name":"bd_optimise","width":1920,"height":928,"thumbnail":{"url":"np://user.desktop.nicepage.com/Site_45022184/images/thumbnails/bd_optimise.jpg","width":250,"height":121},"usages":["244614302"]},{"id":"user-image-blrsports.jpg","publicUrl":"np://user.desktop.nicepage.com/Site_45022184/images/blrsports.jpg","size":243389,"fileName":"blrsports.jpg","name":"blrsports","width":1920,"height":918,"thumbnail":{"url":"np://user.desktop.nicepage.com/Site_45022184/images/thumbnails/blrsports.jpg","width":250,"height":120},"usages":["244614302"]},{"id":"user-image-c092ce1eea95f24233914bef16a6fe1c9bae2350ca2fa7d5523264005c2b505f5480d653efb050c5489086d588d1ee58f0b645463c3b9959e12b74_1280.jpg","publicUrl":"np://user.desktop.nicepage.com/Site_45022184/images/c092ce1eea95f24233914bef16a6fe1c9bae2350ca2fa7d5523264005c2b505f5480d653efb050c5489086d588d1ee58f0b645463c3b9959e12b74_1280.jpg","size":56866,"fileName":"c092ce1eea95f24233914bef16a6fe1c9bae2350ca2fa7d5523264005c2b505f5480d653efb050c5489086d588d1ee58f0b645463c3b9959e12b74_1280.jpg","name":"c092ce1eea95f24233914bef16a6fe1c9bae2350ca2fa7d5523264005c2b505f5480d653efb050c5489086d588d1ee58f0b645463c3b9959e12b74_1280","width":1280,"height":1280,"thumbnail":{"url":"np://user.desktop.nicepage.com/Site_45022184/images/thumbnails/c092ce1eea95f24233914bef16a6fe1c9bae2350ca2fa7d5523264005c2b505f5480d653efb050c5489086d588d1ee58f0b645463c3b9959e12b74_1280.jpg","width":250,"height":250},"usages":["244614302"]},{"id":"user-image-c43f809d31edee21971050651fcfcbb5a9292cf536c092ce64c6f22769df2cb768da1dc396044d9c482ab3f46cb1008917714fa247987b619cf3ab_1280.jpg","publicUrl":"np://user.desktop.nicepage.com/Site_45022184/images/c43f809d31edee21971050651fcfcbb5a9292cf536c092ce64c6f22769df2cb768da1dc396044d9c482ab3f46cb1008917714fa247987b619cf3ab_1280.jpg","size":57476,"fileName":"c43f809d31edee21971050651fcfcbb5a9292cf536c092ce64c6f22769df2cb768da1dc396044d9c482ab3f46cb1008917714fa247987b619cf3ab_1280.jpg","name":"c43f809d31edee21971050651fcfcbb5a9292cf536c092ce64c6f22769df2cb768da1dc396044d9c482ab3f46cb1008917714fa247987b619cf3ab_1280","width":1280,"height":853,"thumbnail":{"url":"np://user.desktop.nicepage.com/Site_45022184/images/thumbnails/c43f809d31edee21971050651fcfcbb5a9292cf536c092ce64c6f22769df2cb768da1dc396044d9c482ab3f46cb1008917714fa247987b619cf3ab_1280.jpg","width":250,"height":167},"usages":["244614302"]},{"id":"user-image-cbcf051e9456dfaa99ba7140f59c701ec4b8000f1d8920e5ba3833ebf92280126717e0f4117621e37648de534c2a740dad07df397b5ab1ec386798_1280.jpg","publicUrl":"np://user.desktop.nicepage.com/Site_45022184/images/cbcf051e9456dfaa99ba7140f59c701ec4b8000f1d8920e5ba3833ebf92280126717e0f4117621e37648de534c2a740dad07df397b5ab1ec386798_1280.jpg","size":136247,"fileName":"cbcf051e9456dfaa99ba7140f59c701ec4b8000f1d8920e5ba3833ebf92280126717e0f4117621e37648de534c2a740dad07df397b5ab1ec386798_1280.jpg","name":"cbcf051e9456dfaa99ba7140f59c701ec4b8000f1d8920e5ba3833ebf92280126717e0f4117621e37648de534c2a740dad07df397b5ab1ec386798_1280","width":1280,"height":593,"thumbnail":{"url":"np://user.desktop.nicepage.com/Site_45022184/images/thumbnails/cbcf051e9456dfaa99ba7140f59c701ec4b8000f1d8920e5ba3833ebf92280126717e0f4117621e37648de534c2a740dad07df397b5ab1ec386798_1280.jpg","width":250,"height":116},"usages":["244614302"]},{"id":"user-image-favicon.png","publicUrl":"np://user.desktop.nicepage.com/Site_45022184/images/favicon.png","size":81645,"fileName":"favicon.png","name":"favicon","width":1250,"height":750,"thumbnail":{"url":"np://user.desktop.nicepage.com/Site_45022184/images/thumbnails/favicon.png","width":250,"height":150},"usages":["244614302"]},{"id":"user-image-logo-black.png","publicUrl":"np://user.desktop.nicepage.com/Site_45022184/images/logo-black.png","size":31105,"fileName":"logo-black.png","name":"logo-black","width":417,"height":250,"thumbnail":{"url":"np://user.desktop.nicepage.com/Site_45022184/images/thumbnails/logo-black.png","width":250,"height":150},"usages":[]}]