[{"id":"user-image-minaar-logo.jpg","publicUrl":"np://user.desktop.nicepage.com/Site_3074512222/images/minaar-logo.jpg","size":61737,"hash":"cyQOq+l0Ee8FxAc3eyX4r2qKhQ0=","fileName":"minaar-logo.jpg","name":"minaar-logo","width":721,"height":737,"thumbnail":{"url":"np://user.desktop.nicepage.com/Site_3074512222/images/thumbnails/minaar-logo.jpg","width":245,"height":250},"folderId":null,"usages":["244614302"]},{"id":"user-image-black-square.png","publicUrl":"np://user.desktop.nicepage.com/Site_3074512222/images/black-square.png","size":74197,"hash":"iHNnPeEKp5VAFAWeujh+oI7ZzC4=","fileName":"black-square.png","name":"black-square","width":800,"height":800,"thumbnail":{"url":"np://user.desktop.nicepage.com/Site_3074512222/images/thumbnails/black-square.png","width":250,"height":250},"folderId":null,"usages":[]},{"id":"user-image-white-rect.png","publicUrl":"np://user.desktop.nicepage.com/Site_3074512222/images/white-rect.png","size":73848,"hash":"DriBLzPS6KRzJNgdE3c/WuCI1pk=","fileName":"white-rect.png","name":"white-rect","width":1400,"height":400,"thumbnail":{"url":"np://user.desktop.nicepage.com/Site_3074512222/images/thumbnails/white-rect.png","width":250,"height":71},"folderId":null,"usages":["244614302","1518111882"]},{"id":"user-image-zecomy.png","publicUrl":"np://user.desktop.nicepage.com/Site_3074512222/images/zecomy.png","size":201173,"hash":"LpVCBY/qO74Q6b12A3SNWuiw43o=","fileName":"zecomy.png","name":"zecomy","width":2000,"height":2000,"thumbnail":{"url":"np://user.desktop.nicepage.com/Site_3074512222/images/thumbnails/zecomy.png","width":250,"height":250},"folderId":null,"usages":["244614302"]},{"id":"user-image-ptg_logo.png","publicUrl":"np://user.desktop.nicepage.com/Site_3074512222/images/ptg_logo.png","size":283924,"hash":"FwzHS0lZ9LCX+XRRvs93TUuiSeo=","fileName":"ptg_logo.png","name":"ptg_logo","width":2000,"height":2000,"thumbnail":{"url":"np://user.desktop.nicepage.com/Site_3074512222/images/thumbnails/ptg_logo.png","width":250,"height":250},"folderId":null,"usages":["244614302"]},{"id":"user-image-hwh_logo.png","publicUrl":"np://user.desktop.nicepage.com/Site_3074512222/images/hwh_logo.png","size":231581,"hash":"V1WZbLJqps935phmvNFzT9lcEj4=","fileName":"hwh_logo.png","name":"hwh_logo","width":2000,"height":2000,"thumbnail":{"url":"np://user.desktop.nicepage.com/Site_3074512222/images/thumbnails/hwh_logo.png","width":250,"height":250},"folderId":null,"usages":["244614302"]},{"id":"user-image-zariyaa_logo.png","publicUrl":"np://user.desktop.nicepage.com/Site_3074512222/images/zariyaa_logo.png","size":309659,"hash":"vqp+6I9CHfhRD8DpNdZF7zZOZVM=","fileName":"zariyaa_logo.png","name":"zariyaa_logo","width":2000,"height":2000,"thumbnail":{"url":"np://user.desktop.nicepage.com/Site_3074512222/images/thumbnails/zariyaa_logo.png","width":250,"height":250},"folderId":null,"usages":["244614302"]},{"id":"user-image-bsf_logo.png","publicUrl":"np://user.desktop.nicepage.com/Site_3074512222/images/bsf_logo.png","size":218156,"hash":"XcPAZYfATvOZv9gmUfl05A1fX8U=","fileName":"bsf_logo.png","name":"bsf_logo","width":2000,"height":2000,"thumbnail":{"url":"np://user.desktop.nicepage.com/Site_3074512222/images/thumbnails/bsf_logo.png","width":250,"height":250},"folderId":null,"usages":["244614302"]},{"id":"user-image-pexels-pixabay-326569.jpg","publicUrl":"np://user.desktop.nicepage.com/Site_3074512222/images/pexels-pixabay-326569.jpg","size":1277674,"hash":"h7Jp7kyHeWFNvg21dzIMID65heQ=","fileName":"pexels-pixabay-326569.jpg","name":"pexels-pixabay-326569","width":4322,"height":2877,"thumbnail":{"url":"np://user.desktop.nicepage.com/Site_3074512222/images/thumbnails/pexels-pixabay-326569.jpg","width":250,"height":166},"folderId":null,"usages":["1518111882"]},{"id":"user-image-pexels-energepiccom-288477.jpg","publicUrl":"np://user.desktop.nicepage.com/Site_3074512222/images/pexels-energepiccom-288477.jpg","size":1133424,"hash":"RYM/lz7/qogt8M/4clhcSWBal8g=","fileName":"pexels-energepiccom-288477.jpg","name":"pexels-energepiccom-288477","width":4608,"height":3456,"thumbnail":{"url":"np://user.desktop.nicepage.com/Site_3074512222/images/thumbnails/pexels-energepiccom-288477.jpg","width":250,"height":188},"folderId":null,"usages":["244614302"]},{"id":"user-image-pexels-abet-llacer-919734.jpg","publicUrl":"np://user.desktop.nicepage.com/Site_3074512222/images/pexels-abet-llacer-919734.jpg","size":1618215,"hash":"adXgHExR6GfoVjQfwkzKrCelAJc=","fileName":"pexels-abet-llacer-919734.jpg","name":"pexels-abet-llacer-919734","width":5184,"height":3456,"thumbnail":{"url":"np://user.desktop.nicepage.com/Site_3074512222/images/thumbnails/pexels-abet-llacer-919734.jpg","width":250,"height":167},"folderId":null,"usages":["244614302"]},{"id":"user-image-pexels-marta-branco-1194713.jpg","publicUrl":"np://user.desktop.nicepage.com/Site_3074512222/images/pexels-marta-branco-1194713.jpg","size":923555,"hash":"oRXU2XTVek1YgvQi+wey9/dCFEs=","fileName":"pexels-marta-branco-1194713.jpg","name":"pexels-marta-branco-1194713","width":6000,"height":4000,"thumbnail":{"url":"np://user.desktop.nicepage.com/Site_3074512222/images/thumbnails/pexels-marta-branco-1194713.jpg","width":250,"height":167},"folderId":null,"usages":["244614302"]},{"id":"user-image-pexels-thisisengineering-3861943.jpg","publicUrl":"np://user.desktop.nicepage.com/Site_3074512222/images/pexels-thisisengineering-3861943.jpg","size":1156173,"hash":"alUzWPAlzjnGha+1XBUgSjRyrA0=","fileName":"pexels-thisisengineering-3861943.jpg","name":"pexels-thisisengineering-3861943","width":7952,"height":5304,"thumbnail":{"url":"np://user.desktop.nicepage.com/Site_3074512222/images/thumbnails/pexels-thisisengineering-3861943.jpg","width":250,"height":167},"folderId":null,"usages":["244614302"]},{"id":"user-image-pexels-markus-spiske-1089440.jpg","publicUrl":"np://user.desktop.nicepage.com/Site_3074512222/images/pexels-markus-spiske-1089440.jpg","size":4242204,"hash":"l5fylTDYp5IV1fw45SRJOjuk3ss=","fileName":"pexels-markus-spiske-1089440.jpg","name":"pexels-markus-spiske-1089440","width":5760,"height":3840,"thumbnail":{"url":"np://user.desktop.nicepage.com/Site_3074512222/images/thumbnails/pexels-markus-spiske-1089440.jpg","width":250,"height":167},"folderId":null,"usages":["244614302"]},{"id":"user-image-pexels-sora-shimazaki-5926378.jpg","publicUrl":"np://user.desktop.nicepage.com/Site_3074512222/images/pexels-sora-shimazaki-5926378.jpg","size":1506286,"hash":"WbSEktAkaLq8DRwm+sIy7cbp7ZQ=","fileName":"pexels-sora-shimazaki-5926378.jpg","name":"pexels-sora-shimazaki-5926378","width":5149,"height":3433,"thumbnail":{"url":"np://user.desktop.nicepage.com/Site_3074512222/images/thumbnails/pexels-sora-shimazaki-5926378.jpg","width":250,"height":167},"folderId":null,"usages":["244614302"]},{"id":"user-image-1989875.png","publicUrl":"np://user.desktop.nicepage.com/Site_3074512222/images/1989875.png","size":4173,"fileName":"1989875.png","name":"1989875","width":128,"height":128,"thumbnail":{"url":"np://user.desktop.nicepage.com/Site_3074512222/images/thumbnails/1989875.png","width":128,"height":128,"length":4173},"usages":["244614302"]},{"id":"user-image-3463480.png","publicUrl":"np://user.desktop.nicepage.com/Site_3074512222/images/3463480.png","size":3964,"fileName":"3463480.png","name":"3463480","width":128,"height":128,"thumbnail":{"url":"np://user.desktop.nicepage.com/Site_3074512222/images/thumbnails/3463480.png","width":128,"height":128,"length":3964},"usages":["244614302"]},{"id":"user-image-568717.png","publicUrl":"np://user.desktop.nicepage.com/Site_3074512222/images/568717.png","size":3128,"fileName":"568717.png","name":"568717","width":128,"height":128,"thumbnail":{"url":"np://user.desktop.nicepage.com/Site_3074512222/images/thumbnails/568717.png","width":128,"height":128,"length":3128},"originalUrl":"//images01.nicepagecdn.com/c461c07a441a5d220e8feb1a/01af685291335cfeab5ae331/568717.png","usages":["244614302"]},{"id":"user-image-919847.png","publicUrl":"np://user.desktop.nicepage.com/Site_3074512222/images/919847.png","size":6138,"fileName":"919847.png","name":"919847","width":128,"height":128,"thumbnail":{"url":"np://user.desktop.nicepage.com/Site_3074512222/images/thumbnails/919847.png","width":128,"height":128,"length":6138},"usages":["244614302"]},{"id":"user-image-Anirudh-profile.png","publicUrl":"np://user.desktop.nicepage.com/Site_3074512222/images/Anirudh-profile.png","size":155421,"fileName":"Anirudh-profile.png","name":"Anirudh-profile","width":340,"height":358,"thumbnail":{"url":"np://user.desktop.nicepage.com/Site_3074512222/images/thumbnails/Anirudh-profile.png","width":237,"height":250},"usages":["244614302"]},{"id":"user-image-2335265.png","publicUrl":"np://user.desktop.nicepage.com/Site_3074512222/images/2335265.png","size":3665,"fileName":"2335265.png","name":"2335265","width":128,"height":128,"thumbnail":{"url":"np://user.desktop.nicepage.com/Site_3074512222/images/thumbnails/2335265.png","width":128,"height":128,"length":3665},"usages":["244614302"]},{"id":"user-image-partha.png","publicUrl":"np://user.desktop.nicepage.com/Site_3074512222/images/partha.png","size":207946,"fileName":"partha.png","name":"partha","width":445,"height":497,"thumbnail":{"url":"np://user.desktop.nicepage.com/Site_3074512222/images/thumbnails/partha.png","width":224,"height":250},"usages":["244614302"]},{"id":"user-image-favicon1.png","publicUrl":"np://user.desktop.nicepage.com/Site_3074512222/images/favicon1.png","size":74918,"hash":"ChbKhzIFlf25R9wqu4J9dDD3MnY=","fileName":"favicon1.png","name":"favicon1","width":800,"height":800,"thumbnail":{"url":"np://user.desktop.nicepage.com/Site_3074512222/images/thumbnails/favicon1.png","width":250,"height":250},"folderId":null,"usages":[]}]