[{"id":26546186,"status":2,"title":"Blog Template","order":1,"templateKey":"blog","customTemplate":false,"customTemplateFilename":null,"pageLinks":[],"dateCreated":"2023-07-12T16:12:31.107Z","dateUpdated":"2023-07-12T16:12:32.831Z","folderId":null,"pageName":"Blog Template"},{"id":143974296,"status":2,"title":"Post Template","order":2,"templateKey":"post","customTemplate":false,"customTemplateFilename":null,"pageLinks":[],"dateCreated":"2023-07-12T16:12:31.107Z","dateUpdated":"2023-07-12T16:12:32.840Z","folderId":null,"pageName":"Post Template"},{"id":287439136,"status":2,"title":"Product List Template","order":3,"templateKey":"products","customTemplate":false,"customTemplateFilename":null,"pageLinks":[],"dateCreated":"2023-07-12T16:12:31.107Z","dateUpdated":"2023-07-12T16:12:32.851Z","folderId":null,"pageName":"Product List Template"},{"id":2155023743,"status":2,"title":"Product Details Template","order":4,"templateKey":"product","customTemplate":false,"customTemplateFilename":null,"pageLinks":[],"dateCreated":"2023-07-12T16:12:31.107Z","dateUpdated":"2023-07-12T16:12:32.821Z","folderId":null,"pageName":"Product Details Template"},{"id":615424028,"status":2,"title":"Shopping Cart Template","order":5,"templateKey":"cart","customTemplate":false,"customTemplateFilename":null,"pageLinks":[],"dateCreated":"2023-07-12T16:12:31.107Z","dateUpdated":"2023-07-12T16:12:32.862Z","folderId":null,"pageName":"Shopping Cart Template"},{"id":275643677,"status":2,"title":"Checkout Template","order":6,"templateKey":"checkout","customTemplate":false,"customTemplateFilename":null,"pageLinks":[],"dateCreated":"2023-07-12T16:12:31.107Z","dateUpdated":"2023-07-12T16:12:32.884Z","folderId":null,"pageName":"Checkout Template"},{"id":44107741,"status":2,"title":"Login Template","order":7,"templateKey":"login","customTemplate":false,"customTemplateFilename":null,"pageLinks":[],"dateCreated":"2023-07-12T16:12:31.107Z","dateUpdated":"2023-07-12T16:12:32.873Z","folderId":null,"pageName":"Login Template"},{"id":968426857,"status":2,"title":"Page Password Template","order":8,"templateKey":"password","customTemplate":false,"customTemplateFilename":null,"pageLinks":[],"dateCreated":"2023-07-12T16:12:31.107Z","dateUpdated":"2023-07-12T16:12:32.898Z","folderId":null,"pageName":"Page Password Template"},{"id":10873039,"status":2,"title":"404 Not Found Template","order":9,"templateKey":"404","customTemplate":false,"customTemplateFilename":null,"pageLinks":[],"dateCreated":"2023-07-12T16:12:31.107Z","dateUpdated":"2023-07-12T16:12:32.910Z","folderId":null,"pageName":"404 Not Found Template"},{"id":244614302,"status":2,"title":"CleverPath Consulting","order":50,"templateKey":null,"customTemplate":false,"customTemplateFilename":null,"pageLinks":["1518111882","244614302"],"dateCreated":"2023-07-16T06:46:22.830Z","dateUpdated":"2023-07-27T11:47:41.713Z","folderId":null,"pageName":"CleverPath Consulting_244614302"},{"id":1518111882,"status":2,"title":"Services","order":51,"templateKey":null,"customTemplate":false,"customTemplateFilename":null,"pageLinks":["244614302"],"dateCreated":"2023-07-16T06:56:10.337Z","dateUpdated":"2023-07-27T11:24:28.841Z","folderId":null,"pageName":"Services_1518111882"}]